{
  "pages": [
    //pages数组中第一项表示应用启动页，参考：https://uniapp.dcloud.io/collocation/pages
    {
      "path": "pages/abc/def",
      "style": {
        "navigationBarTitleText": "uni-app",
        "usingComponents": {
          "van-button": "/ttcomponents/@vant/weapp/button/",
          "van-picker": "/wxcomponents/@vant/weapp/picker/",
          "van-datetime-picker": "/wxcomponents/@vant/weapp/datetime-picker/",
          "i-checkbox-group": "/ttcomponents/iview-weapp/checkbox-group",
          "i-collapse": "/ttcomponents/iview-weapp/collapse",
          "i-tab-bar": "/ttcomponents/iview-weapp/tab-bar/index",
          "w-accordion": "/ttcomponents/wuss-weapp/w-accordion",
          "w-cell-group": "/ttcomponents/wuss-weapp/w-cell-group/index",
          "w-accordion-group": "/mycomponents/wux-weapp/accordion-group"
        }
      }
    }
  ],
  "globalStyle": {
    "navigationBarTextStyle": "black",
    "navigationBarTitleText": "uni-app",
    "navigationBarBackgroundColor": "#F8F8F8",
    "backgroundColor": "#F8F8F8"
  }
}
